{
  "k": 100,
  "m": 10,
  "budget": 1000,
  "sigma_sq": 1.0,
  "base_seed": 123,
  "x_min": 0.1,
  "x_max": 0.95,
  "x_step": 0.05,
  "replications": 500,
  "x_values": [
    0.1,
    0.15000000000000002,
    0.20000000000000004,
    0.25000000000000006,
    0.30000000000000004,
    0.3500000000000001,
    0.40000000000000013,
    0.4500000000000001,
    0.5000000000000001,
    0.5500000000000002,
    0.6000000000000002,
    0.6500000000000001,
    0.7000000000000002,
    0.7500000000000002,
    0.8000000000000003,
    0.8500000000000003,
    0.9000000000000002,
    0.9500000000000003
  ],
  "results": {
    "A1 (Standard)": {
      "success_rates": [
        0.996,
        1.0,
        0.99,
        0.978,
        0.988,
        0.99,
        0.988,
        0.972,
        0.966,
        0.968,
        0.99,
        0.968,
        0.962,
        0.97,
        0.956,
        0.964,
        0.948,
        0.938
      ],
      "avg_regrets": [
        0.002127817193626842,
        0.0,
        0.0049969595177599205,
        0.011033006812446665,
        0.005075522297105511,
        0.003988550492062909,
        0.004311512603958699,
        0.010284665710985455,
        0.010067916416433835,
        0.0075250915585111265,
        0.0023545405800125332,
        0.007161628037541789,
        0.004772228899166634,
        0.003057519885657606,
        0.00242862767669144,
        0.0008372543715943663,
        0.0005193373974053359,
        7.422105590270966e-05
      ]
    },
    "TopTwoTS (Standard)": {
      "success_rates": [
        0.984,
        0.99,
        0.994,
        0.978,
        0.988,
        0.984,
        0.988,
        0.978,
        0.978,
        0.978,
        0.968,
        0.982,
        0.954,
        0.954,
        0.94,
        0.95,
        0.918,
        0.886
      ],
      "avg_regrets": [
        0.008821198652327345,
        0.004943622651358349,
        0.00319744684203625,
        0.010380605018114287,
        0.005712538969950911,
        0.00715832545687516,
        0.004864467881505986,
        0.008376034843576992,
        0.007281110686404769,
        0.0056750106182659205,
        0.00759216747463536,
        0.0031738435584172135,
        0.007685076607352268,
        0.004713310782369039,
        0.0030295841797232576,
        0.0014744618374556227,
        0.0012408404865005456,
        0.00013742303556732582
      ]
    },
    "Thompson Sampling": {
      "success_rates": [
        0.974,
        0.982,
        0.976,
        0.98,
        0.994,
        0.984,
        0.982,
        0.982,
        0.982,
        0.976,
        0.964,
        0.964,
        0.958,
        0.96,
        0.95,
        0.92,
        0.938,
        0.908
      ],
      "avg_regrets": [
        0.01465149386343415,
        0.008891542331743545,
        0.011861717473444514,
        0.010366736923115941,
        0.0030184953920496644,
        0.007833801267705432,
        0.007137191995428983,
        0.006784904309578885,
        0.0058041002023443535,
        0.006861468158414179,
        0.008535648302223102,
        0.007402310806092899,
        0.0057579697532057494,
        0.004294516822671341,
        0.003231408903514649,
        0.002734312435323859,
        0.0007556426032403482,
        7.201854692893206e-05
      ]
    }
  }
}